year,prediction_with_model,prediction_with_scikit-learn_linear-regression
2015,7152.307692307717,7152.307692307717
2020,7522.912087912089,7522.912087912089
