year,prediction
2015,7152.307692307717
2020,7522.912087912089
